"Código"	"Descrição"	"Data de início"	"Data final"
"5E-BD15"	"Inventário dos privilégios de acessos às bases de dados do Sistema Único - Revogação dos privilégios de acordo com relatório e alinhamento com a SUBSC"	"11/09/2026"	"19/12/2026"
"5E-BD16"	"Evolução da segurança dos bancos de dados do Sistema Único"	"11/09/2026"	"19/12/2026"
"5E-BD17"	"Atualizações dos softwares de banco de dados para correção de vulnerabilidades e de problemas identificados pelo fabricante"	"11/09/2026"	"19/12/2026"
"5E-BD18"	"Monitoramento da disponibilidade dos serviços de bancos de dados do ambiente do Único"	"11/09/2026"	"19/12/2026"
"5E-BD19"	"Monitoramento do desempenho dos bancos de dados do ambiente do Único"	"11/09/2026"	"19/12/2026"
"5E-BD20"	"Ações para mitigar os problemas identificados nas atividades de monitoramento"	"11/09/2026"	"19/12/2026"
"5E-BD21"	"Avaliação de alternativas para melhoria do desempenho das consultas ao banco de dados do Único, sob demanda"	"11/09/2026"	"19/12/2026"
"5E-BD22"	"Avaliar alternativas para migração do banco de dados do Sistema Único para a nuvem pública - Levantamento e avaliação das alternativas de provisionamento Oracle Data Guard na OCI (ref. TA-5.1)"	"11/09/2026"	"19/12/2026"
"5E-BD23"	"Execução de PoC e validação operacional da solução Oracle Data Guard na OCI"	"11/09/2026"	"19/12/2026"
"5E-BD24"	"Definir e implementar os controles de segurança para utilização do MCP como ferramenta de apoio ao desenvolvimento SQL e PL/SQL em Oracle Database 19c"	"11/09/2026"	"19/12/2026"
"5E-BD25"	"Analisar a qualidade do modelo de banco de dados a cada versão do sistema Único."	"11/09/2026"	"19/12/2026"
"5E-BD26"	"Estruturar modelo de dados: controle de prorrogações de IPL"	"11/09/2026"	"19/12/2026"
"5E-BD27"	"Revisar as políticas de acesso ao banco de dados do sistema Único;"	"11/09/2026"	"19/12/2026"
"5E-BD28"	"Evoluir modelo de dados: rastreabilidade de expedientes originários;"	"11/09/2026"	"19/12/2026"
"5E-BD29"	"Evoluir modelo de dados: gestão documental - temporalidade de expedientes;"	"11/09/2026"	"19/12/2026"
"5E-BD30"	"Estruturar modelo de dados: cruzamento de dados dos Autos Judiciais vs. Manifestações;"	"11/09/2026"	"19/12/2026"
"5E-BD31"	"Estruturar Modelo de Dados: Rastreabilidade de Expedientes Originários (ETL)"	"11/09/2026"	"19/12/2026"
"5E-DEB3"	"V4.22 - Segurança - aprimorar as ações de segurança nas Camada de Serviços e Hardening de código Back-end, reduzindo vulnerabilidades e a superfície de ataque;"	"11/09/2026"	"19/12/2026"
"5E-DEB4"	"V4.22 - Índice de Débito Técnico (IDT) - sustentar o nível das dívidas técnicas do sistema Único;"	"11/09/2026"	"19/12/2026"
"5E-IA17"	"Implementação e testes de API para armazenamento de dados inferidos em processos e procedimentos por fluxos de trabalho do AI Studio"	"11/09/2026"	"19/12/2026"
"5E-IA18"	"Plataforma de IA (AI Studio): implantação em produção, ajustes e disponibilização para integração com sistemas clientes"	"11/09/2026"	"19/12/2026"
"5E-IA19"	"Implementação do pipeline de processamento do Transcreve IA no sistema de fluxos de trabalho no AI Studio"	"11/09/2026"	"19/12/2026"
"5E-IA20"	"Viabilidade do ApoIA no âmbito do STJ: Avaliação técnica e de interesse institucional para adoção da ferramenta na elaboração de minutas e expedientes de ciência nos gabinetes do STJ, com foco inicial nas classes Recurso Especial (REsp) e Agravo em Recurso Especial (AREsp)"	"11/09/2026"	"19/12/2026"
"5E-IA21"	"Estruturação de framework de MLOps: migração e adequação das bases de treinamento do Tria IPL"	"11/09/2026"	"19/12/2026"
"5E-IA22"	"Migração da base de dados da infraestrutura de IA para esquemas Oracle dedicados: modelagem, migração dos dados e testes"	"11/09/2026"	"19/12/2026"
"5E-IA23"	"Acompanhamento e ajustes nos pipelines de processamento e serviços de IA da solução Tria Eleitoral (PGE) durante período de eleitoral"	"11/09/2026"	"19/12/2026"
"5E-IA24"	"Acompanhamento e ajustes nos pipelines de processamento, serviço de IA e interface de usuário da solução ApoIA Eleitoral durante período eleitoral"	"11/09/2026"	"19/12/2026"
"5E-IA25"	"Implementação de API para integração de solução de DLP em pipelines de treinamento e inferência de IA"	"11/09/2026"	"19/12/2026"
"5E-IA26"	"Desenvolver banco de prompts padronizado e alinhado às soluções de IA do MPF: Módulo Sistema"	"11/09/2026"	"19/12/2026"
"5E-IA27"	"Modernizar a infraestrutura tecnológica do Aptus: carga dos autos judiciais e extrajudiciais com novos campos do sistema para expedientes com sigilo nível 0 a 2"	"11/09/2026"	"19/12/2026"
"5E-IA28"	"Elaboração de normativos de governança de IA - Etapa 2 - Publicação e início de aplicação dos artefatos de governança de IA (Matriz de responsabilidade, Matriz de priorização de demandas, Matriz de Risco, Fluxo de Governança, Avaliação de impacto algorítmico, Indicadores, etc.)"	"11/09/2026"	"19/12/2026"
"5E-IA29"	"Evolução da IA no Sistema Subjur: Análise de viabilidade negocial e especificação de requisitos para automação da regra de não seleção de processos do STJ"	"11/09/2026"	"19/12/2026"
"5E-IA30"	"Desenvolvimento de painel estatísticas (BI) com informações sobre o uso da automação por IA nas solicitações do Sistema SUBJUR"	"11/09/2026"	"19/12/2026"
"5E-IA31"	"Segurança do Sistema PAP: Integração do Sistema PAP ao sistema Autoriza, com implementação de perfis de acesso por módulo e desenvolvimento de mecanismos de log e auditoria de ações realizadas pelos usuários"	"11/09/2026"	"19/12/2026"
"5E-IA32"	"Evolução do módulo Boletim do Sistema PAP: Automatização do gerenciamento de destinatários internos, implementação de alertas individualizados para públicos externos sobre o andamento de processos e operações e desenvolvimento de funcionalidade para seleção de múltiplas datas de andamentos para emissão dos Boletins"	"11/09/2026"	"19/12/2026"
"5E-IA33"	"Realizar prova de conceito (POC) usando IA para apoio à catalogação, controle de vigência normativa e aprimoramento da recuperação da informação."	"11/09/2026"	"19/12/2026"
"5E-INF18"	"Implantar solução de assistência baseada em Inteligência Artificial para apoiar o gerenciamento dos clusters Kubernetes, visando reduzir o tempo de diagnóstico e resolução de problemas, bem como ampliar a atuação proativa na identificação de ajustes e melhorias. (ref. TA-0)"	"11/09/2026"	"19/12/2026"
"5E-INF19"	"Concluir a expansão do cluster CEPH iniciada no plano de atividades anterior, finalizar a migração dos dados e implementar a resiliência na camada da aplicação. (ref. TA-5.2)"	"11/09/2026"	"19/12/2026"
"5E-INF20"	"Implementar e validar as configurações de rede para otimizar o uso dos circuitos de dados do site colocation e PGR. (ref. TA-5.3)"	"11/09/2026"	"19/12/2026"
"5E-INF21"	"Implementar segurança nas camadas de sessão e cookies e acompanhar os resultados a nível de usuário. (ref. TA-5.5)"	"11/09/2026"	"19/12/2026"
"5E-INF22"	"Testar, nos sistemas internos, a utilização dos parâmetros de CSE nas APIs, assegurando que os documentos sigilosos sejam protegidos por chaves de criptografia geradas e armazenadas em um serviço de gerenciamento de chaves na nuvem. (ref. TA-5.12.1)"	"11/09/2026"	"19/12/2026"
"5E-INF23"	"Avaliar a solução VMware ALB como application gateway e camada de ingress para ambientes Kubernetes; (ref. TA-5.6.2)"	"11/09/2026"	"19/12/2026"
"5E-INF24"	"Dar continuidade às iniciativas decorrentes da avaliação de práticas e ferramentas de FinOps da fase anterior. (ref. TA-5.8.1)"	"11/09/2026"	"19/12/2026"
"5E-INF25"	"Aprimorar métricas do monitoramento do banco de dados e elementos de conectividade e segurança. (ref. TA-5.9)"	"11/09/2026"	"19/12/2026"
"5E-INF26"	"Contratação da rede nacional: Especificação técnica da solução de rede (minuta de Termo de Referência). (ref. TA-5.10.1)"	"11/09/2026"	"19/12/2026"
"5E-INF27"	"Contratação do colocation: Especificação técnica da solução do colocation (minuta de Termo de Referência). (ref. TA-5.10.3)"	"11/09/2026"	"19/12/2026"
"5E-INF28"	"Contratação da Cloud Oracle: Obtenção do orçamento estimativo (Estudo Técnico) e especificação técnica da solução (minuta de Termo de Referência). (ref. TA-5.10.5)"	"11/09/2026"	"19/12/2026"
"5E-INF29"	"Contratação de serviços gerenciados de computação em nuvem: Início da elaboração do Estudo Técnico Preliminar: requisitos, levantamento e análise de alternativas, escolha da solução. (ref. TA-5.10.9)"	"11/09/2026"	"19/12/2026"
"5E-INF30"	"Contratação da IA Generativa: Ajustes nos artefatos após análise da ASSAD e da CONJUR e apoio na licitação. (ref. TA-5.10.11)"	"11/09/2026"	"19/12/2026"
"5E-INF31"	"Contratação de serviços de Segurança (monitoramento e resposta a incidentes de segurança e gestão de vulnerabilidades): Início da elaboração do Estudo Técnico Preliminar: requisitos, levantamento e análise de alternativas, escolha da solução. (ref. TA-5.10.13)"	"11/09/2026"	"19/12/2026"
"5E-INF32"	"Contratação de Conectividade LAN e SAN da sala-cofre da PGR: Apoio na pesquisa de preços, ajustes nos artefatos após análise da ASSAD e da CONJUR e apoio na licitação. (ref. TA-5.10.16)"	"11/09/2026"	"19/12/2026"
"5E-INF33"	"Executar ações de Pentesting. (ref. TA-5.15)"	"11/09/2026"	"19/12/2026"
"5E-INT3"	"V4.22 - Integração com o DJE - acompanhar implementação em produção com CNJ e realizar adaptações necessárias;"	"11/09/2026"	"19/12/2026"
"5E-INT4"	"V4.22 - Evoluir a infraestrutura do processo judicial eletrônico: migração para Kubernetes e modernizar armazenamento das íntegras judiciais;"	"11/09/2026"	"19/12/2026"
"5E-INT5"	"V4.22 - Integração: Estudar a viabilidade técnica de interoperabilidade entre o PJeCOR e o sistema Único;"	"11/09/2026"	"19/12/2026"
"5E-INT6"	"Integração SGT MPF x Único: 1ª Etapa - Especificar e implementar as funcionalidades necessárias no SGT MPF para a integração com o sistema Único;"	"11/09/2026"	"19/12/2026"
"5E-MEL34"	"V4.22 - Modernização técnica e acessibilidade - realizar migração escalonada das principais interfaces baseadas em tecnologias legadas (Ext JS) e das telas em AngularJS para a arquitetura mais recente do framework Angular 2.x;"	"11/09/2026"	"19/12/2026"
"5E-MEL35"	"Inteligência artificial - estudar a viabilidade de implementar o protocolo MCP para integração com modelos de IA;"	"11/09/2026"	"19/12/2026"
"5E-MEL36"	"Editor Google Docs: implementar Google Docs como principal editor de texto do sistema (capacitação, normatização e comunicação);"	"11/09/2026"	"19/12/2026"
"5E-MEL37"	"Modernização do módulo Colegiado: especificação negocial e técnica da reestruturação para nova base tecnológica e negocial, viabilizando novas funcionalidades no sistema, a exemplo das “sessões virtuais”;"	"11/09/2026"	"19/12/2026"
"5E-MEL38"	"4.22 - Dados de partes: incluir novos campos sobre e-mail preferencial de comunicação;"	"11/09/2026"	"19/12/2026"
"5E-MEL39"	"Privacidade: realizar estudos negociais e técnicos sobre o atual fluxo cadastral da aba partes, visando conformidade com a LGPD;"	"11/09/2026"	"19/12/2026"
"5E-MEL40"	"V4.22 - Publicação e transparência: realizar integração do link do Repositório Institucional (DSpace) no sistema Único para disponibilizar versões atualizadas dos atos normativos (Implementação)"	"11/09/2026"	"19/12/2026"
"5E-MEL41"	"Planejar, monitorar, controlar e gerir o andamento das tarefas e entrega de resultados"	"11/09/2026"	"19/12/2026"
"5E-MEL42"	"Elaborar roteiros padronizados para regularização do acervo dos ofícios no sistema Único, com foco em correições e inventários"	"11/09/2026"	"19/12/2026"
"5E-MEL43"	"Estudo para reestruturação do cadastro dos instrumentos de autocomposição (acordos) no Sistema Único"	"11/09/2026"	"19/12/2026"
"5E-MEL44"	"12ª pesquisas de satisfação do sistema Único: comunicar, disponibilizar, processar, analisar e publicar resultados"	"11/09/2026"	"19/12/2026"
"5E-MEL45"	"Propor melhorias para as funcionalidades da gestão de acessos descentralizada no SNP"	"11/09/2026"	"19/12/2026"
"5E-MEL46"	"Webinar: apresentação das novas funcionalidades do sistema Único"	"11/09/2026"	"19/12/2026"
"5E-MEL47"	"Providências administrativas: Realizar webinar sobre as providências implementadas de contratação e licitação."	"11/09/2026"	"19/12/2026"
"5E-MEL48"	"Providências administrativas: Consultar as unidades sobre a proposta de providências mapeadas (desfazimento e formalização do trâmite contratual) para validação e posterior implementação."	"11/09/2026"	"19/12/2026"
"5E-MEL49"	"Sistema cidadão: criar painel no BI para gerenciamento das manifestações"	"11/09/2026"	"19/12/2026"
"5E-MEL50"	"Sistema cidadão: Nova solução de controle de prazos"	"11/09/2026"	"19/12/2026"
"5E-MEL51"	"Sistema cidadão: Melhorias de usabilidade e segurança"	"11/09/2026"	"19/12/2026"
"5E-MEL52"	"Gestão arquivística de documentos digitais: realizar prova de conceito (POC) para avaliação e destinação de procedimentos extrajudiciais;"	"11/09/2026"	"19/12/2026"
"5E-MEL53"	"Gestão arquivística de documentos digitais: comunicação, validação e implementação de resultados do saneamento dos modelos nacionais de documentos;"	"11/09/2026"	"19/12/2026"
"5E-MEL54"	"Realizar a triagem e análise qualitativa dos pedidos de melhoria e feedbacks dos usuários do sistema Único relacionado ao Projeto Resultados."	"11/09/2026"	"19/12/2026"
"5E-MEL55"	"Acompanhar a inserção e atualização de dados referentes a resultados e acordos no Sistema Único, , visando mitigar erros de preenchimento e garantir o cumprimento dos prazos estabelecidos."	"11/09/2026"	"19/12/2026"
"5E-MEL56"	"Evoluir Modelo de Dados: Gestão Documental - Temporalidade de Expedientes"	"11/09/2026"	"19/12/2026"
"5E-MEL57"	"Evoluir a arquitetura de dados/camada semântica na solução de Analytcs"	"11/09/2026"	"19/12/2026"
"5E-MEL58"	"Evoluir a extração/carga de dados na solução de Integração de Dados"	"11/09/2026"	"19/12/2026"
"5E-MEL59"	"Realizar novas contratações para soluções de dados do sistema Único"	"11/09/2026"	"19/12/2026"
"5E-MEL60"	"Analisar/implementar melhorias no ambiente (infraestrutura) para garantir estabilidade do ecossistema de dados do BI Único"	"11/09/2026"	"19/12/2026"
"5E-MEL61"	"Evoluir modelos de banco de dados multidimensional do Data Warehouse a cada necessidade negocial do BI Único"	"11/09/2026"	"19/12/2026"
"5E-MEL62"	"Analisar requisitos de Data Warehouse do BI Único"	"11/09/2026"	"19/12/2026"
"5E-MEL63"	"Validar Resultados de Julgamentos em Ações Penais (1ª Instância -1ª Região)"	"11/09/2026"	"19/12/2026"
"5E-MEL64"	"Estudo de incorporação da ferramenta Alexis na interface do sistema Único e do fluxo de suporte da ferramenta"	"11/09/2026"	"18/12/2026"
"5E-NF6"	"Estruturar Modelo de Dados: Controle de Prorrogações de IP"	"11/09/2026"	"19/12/2026"
"5E-NF7"	"Evoluir Modelo de Dados: Rastreabilidade de Expedientes Originários - Homologação"	"11/09/2026"	"19/12/2026"
"5E-NF8"	"Desenvolver o Painel do Ofício"	"11/09/2026"	"19/12/2026"
"5E-NF9"	"Estruturar Modelo de Dados: Controle de Prorrogações de Inquéritos Policiais - Homologação"	"11/09/2026"	"19/12/2026"
"5E-NF10"	"Evoluir Modelo de Dados: Gestão Documental - Temporalidade de Expedientes - Homologação"	"11/09/2026"	"19/12/2026"
